,City,Cloudiness,Country,Date,Humidity,Latitude,Longitude,Max Temp,Wind Speed
0,Kavieng,79,PG,1576372531,70,-2.57,150.8,302.11,1.87
1,Hofn,0,IS,1576372565,62,64.25,-15.21,272.79,8.58
2,Pevek,100,RU,1576372565,94,69.7,170.27,254.5,3.87
3,Batsfjord,27,NO,1576372566,97,70.63,29.72,268.24,4.84
4,Rikitea,23,PF,1576372566,78,-23.12,-134.97,296.23,9.12
5,Saskylakh,72,RU,1576372566,98,71.97,114.09,238.25,3.94
6,Bredasdorp,33,ZA,1576372567,76,-34.53,20.04,285.15,3.6
7,Georgetown,20,GY,1576372394,88,6.8,-58.16,300.15,2.1
8,Hude,80,DE,1576372568,86,54.39,9.21,278.15,9.3
9,Anito,82,PH,1576372568,82,12.45,125.29,301.16,9.76
10,Campoverde,40,EC,1576372568,76,-0.91,-78.62,288.15,3.6
11,Boueni,5,YT,1576372569,88,-12.9,45.08,301.15,1.0
12,Sitka,65,US,1576372569,65,37.17,-99.65,278.01,5.75
13,Myitkyina,0,MM,1576372569,85,25.38,97.4,285.42,1.53
14,Hualmay,41,PE,1576372570,83,-11.1,-77.61,291.85,2.11
15,Cockburn Town,20,TC,1576372570,78,21.46,-71.14,300.33,5.92
16,Te Anau,100,NZ,1576372571,90,-45.41,167.72,279.28,1.66
17,Faanui,100,PF,1576372571,83,-16.48,-151.75,298.61,9.26
18,Punta Arenas,75,CL,1576372572,71,-53.16,-70.91,283.15,5.1
19,Ingraj Bazar,28,IN,1576372491,67,25.0,88.15,290.73,1.99
20,Santa Lucia,40,IT,1576372572,93,41.98,12.66,283.15,2.6
21,Busselton,2,AU,1576372573,18,-33.64,115.35,307.59,1.37
22,Ushuaia,75,AR,1576372303,62,-54.81,-68.31,284.15,2.1
23,Atuona,0,PF,1576372574,59,-9.8,-139.03,299.66,2.91
24,Cap Malheureux,40,MU,1576372575,94,-19.98,57.61,297.59,1.5
25,Ketchikan,90,US,1576372575,93,55.34,-131.65,276.15,4.1
26,Hithadhoo,100,MV,1576372575,70,-0.6,73.08,300.92,0.69
27,Smirnykh,0,RU,1576372576,84,49.74,142.83,257.87,1.45
28,Butaritari,62,KI,1576372576,75,3.07,172.79,302.41,6.45
29,Hilo,40,US,1576372576,54,19.71,-155.08,301.15,3.1
30,Hobart,90,AU,1576372293,82,-42.88,147.33,288.15,3.6
31,Ostrovnoy,48,RU,1576372578,94,68.05,39.51,268.31,5.74
32,Cape Town,20,ZA,1576372367,58,-33.93,18.42,289.26,1.0
33,Chokurdakh,99,RU,1576372579,96,70.62,147.9,241.83,2.1
34,Leningradskiy,100,RU,1576372579,91,69.38,178.42,260.29,3.2
35,Castro,21,CL,1576372580,76,-42.48,-73.76,286.15,2.1
36,Omboue,100,GA,1576372580,93,-1.57,9.26,295.36,0.48
37,Vao,100,EE,1576372580,98,59.1,26.19,273.19,4.28
38,Saldanha,96,PT,1576372581,88,41.42,-6.55,282.23,6.76
39,Navirai,100,BR,1576372581,90,-23.07,-54.19,296.44,1.57
40,Tibagi,99,BR,1576372581,94,-24.52,-50.41,292.99,1.26
41,Dzhebariki-Khaya,100,RU,1576372582,99,62.22,135.8,250.36,0.41
42,Kentau,6,KZ,1576372582,81,43.52,68.5,267.6,1.08
43,Rovnoye,100,RU,1576372582,73,50.78,46.06,271.37,6.31
44,Saint Anthony,20,US,1576372583,79,43.97,-111.68,270.37,3.1
45,Flinders,100,AU,1576372583,37,-34.58,150.85,303.15,5.1
46,Kapaa,75,US,1576372583,69,22.08,-159.32,302.15,5.7
47,Provideniya,100,RU,1576372584,96,64.42,-173.23,268.47,2.19
48,Morondava,65,MG,1576372584,92,-20.3,44.28,296.24,1.29
49,Ponta do Sol,100,BR,1576372585,91,-20.63,-46.0,293.45,1.95
50,Albany,90,US,1576372588,93,42.65,-73.75,284.26,3.1
51,Narsaq,0,GL,1576372588,48,60.91,-46.05,265.15,2.6
52,Maldonado,69,UY,1576372553,69,-34.91,-54.96,297.15,2.1
53,Tiksi,99,RU,1576372589,99,71.64,128.87,239.26,1.32
54,Thompson,40,CA,1576372589,74,55.74,-97.86,243.15,1.5
55,Cidreira,67,BR,1576372590,87,-30.17,-50.22,295.5,12.34
56,Mar del Plata,93,AR,1576372590,31,-46.43,-67.52,293.79,11.91
57,Avarua,100,CK,1576372590,65,-21.21,-159.78,300.15,8.2
58,Lebu,6,ET,1576372591,81,8.96,38.73,282.85,0.94
59,Esperance,75,AU,1576372591,50,-33.86,121.89,298.15,1.5
60,Broome,72,GB,1576372591,87,52.47,1.45,280.37,8.7
61,Hermanus,15,ZA,1576372592,82,-34.42,19.24,286.48,10.15
62,Vannes,100,FR,1576372592,81,47.66,-2.76,284.82,5.7
63,Tasiilaq,77,GL,1576372592,57,65.61,-37.64,265.15,1.5
64,Vaini,32,IN,1576372593,88,15.34,74.49,291.15,1.5
65,Los Llanos de Aridane,75,ES,1576372593,93,28.66,-17.92,290.93,3.6
66,Nauta,57,PE,1576372593,94,-4.51,-73.58,296.75,0.45
67,Chumikan,78,RU,1576372594,84,54.72,135.31,257.09,1.32
68,Mataura,100,NZ,1576372594,93,-46.19,168.86,284.26,1.79
69,Yinchuan,100,CN,1576372595,89,38.48,106.21,272.75,2.14
70,Ugoofaaru,100,MV,1576372595,75,5.67,73.0,300.75,4.58
71,Cherskiy,100,RU,1576372595,98,68.75,161.3,245.59,2.04
72,Ghanzi,0,BW,1576372596,33,-21.7,21.65,299.51,4.31
73,Khatanga,94,RU,1576372596,99,71.98,102.47,237.77,0.71
74,Barrow,100,AR,1576372597,59,-38.31,-60.23,288.73,3.3
75,Upernavik,100,GL,1576372597,78,72.79,-56.15,261.37,3.5
76,Glendive,90,US,1576372597,72,47.11,-104.71,264.15,1.5
77,East London,37,ZA,1576372597,77,-33.02,27.91,293.47,9.74
78,Sosnovo,100,RU,1576372598,91,60.56,30.25,274.82,1.79
79,Dikson,100,RU,1576372598,98,73.51,80.55,251.41,3.81
80,Mahajanga,40,MG,1576372598,88,-15.72,46.32,298.15,2.1
81,Ancud,18,CL,1576372431,62,-41.87,-73.83,288.15,2.1
82,Chuy,83,UY,1576372599,76,-33.69,-53.46,293.84,2.17
83,Carnarvon,0,ZA,1576372600,58,-30.97,22.13,284.13,8.59
84,Leh,97,IN,1576372600,63,34.16,77.58,256.11,1.25
85,Zirl,50,AT,1576372601,100,47.27,11.24,274.26,0.5
86,Katsuura,75,JP,1576372601,53,33.93,134.5,283.71,7.2
87,Van Wert,90,US,1576372601,90,40.86,-84.58,277.15,6.2
88,Zhezkazgan,0,KZ,1576372602,84,47.8,67.71,258.15,2.0
89,Axim,28,GH,1576372602,90,4.87,-2.24,297.96,1.41
90,Saint-Philippe,90,CA,1576372602,93,45.36,-73.48,277.04,5.1
91,Mahebourg,40,MU,1576372603,94,-20.41,57.7,297.59,1.5
92,Port Alfred,80,ZA,1576372603,93,-33.59,26.89,289.26,4.02
93,Bluff,25,AU,1576372603,41,-23.58,149.07,304.04,1.5
94,Kodiak,1,US,1576372604,68,39.95,-94.76,269.15,4.1
95,Margate,90,AU,1576372604,82,-43.03,147.26,288.15,3.6
96,Mao,75,DO,1576372410,94,19.55,-71.08,299.26,2.1
97,Kavaratti,93,IN,1576372605,73,10.57,72.64,301.17,5.73
98,Katangli,0,RU,1576372605,90,51.71,143.23,257.75,3.2
99,Whyalla,50,AU,1576372605,32,-33.04,137.58,301.15,2.6
100,Kilindoni,0,TZ,1576372608,77,-7.91,39.67,301.5,4.02
101,Iqaluit,20,CA,1576372609,70,63.75,-68.52,255.37,2.1
102,Meulaboh,75,ID,1576372609,83,4.14,96.13,298.99,3.32
103,College,90,US,1576372609,84,64.86,-147.8,270.15,1.37
104,Grand Island,90,US,1576372363,73,40.92,-98.34,268.15,3.6
105,Puerto Ayora,0,EC,1576372610,87,-0.74,-90.35,295.37,2.24
106,Cabedelo,20,BR,1576372611,83,-6.97,-34.84,299.15,3.6
107,Nantucket,90,US,1576372611,93,41.28,-70.1,287.15,9.8
108,Mayumba,98,GA,1576372612,83,-3.44,10.65,298.98,4.69
109,Gosainganj,75,IN,1576372612,100,26.77,81.11,287.15,1.0
110,Souillac,100,FR,1576372612,87,45.6,-0.6,285.37,5.1
111,San Patricio,30,PY,1576372613,54,-26.98,-56.83,302.59,5.01
112,Tonantins,68,BR,1576372613,93,-2.86,-67.77,297.52,1.29
113,Creel,0,MX,1576372613,53,27.75,-107.63,284.78,2.69
114,Kalianget,40,ID,1576372614,88,-7.35,109.91,303.15,1.5
115,Saint George,75,GR,1576372614,76,39.45,22.34,287.15,4.1
116,Touros,40,BR,1576372614,83,-5.2,-35.46,299.15,5.1
117,Santa Cruz Verapaz,56,GT,1576372615,98,15.37,-90.43,290.62,0.17
118,Baruun-Urt,0,MN,1576372616,76,46.68,113.28,261.14,2.91
119,Jumla,100,NP,1576372616,73,29.28,82.18,271.04,0.35
120,Vuktyl,100,RU,1576372617,96,63.86,57.31,268.46,3.48
121,Ambon,100,FR,1576372617,81,47.55,-2.56,284.82,5.7
122,Seminole,1,US,1576372480,33,32.72,-102.64,292.15,3.6
123,Hatten,75,FR,1576372618,93,48.9,7.98,283.71,6.2
124,Gazli,0,UZ,1576372618,76,40.13,63.45,271.61,5.31
125,Kudat,75,MY,1576372618,83,6.89,116.84,299.15,3.6
126,Quatre Cocos,40,MU,1576372619,94,-20.21,57.76,297.59,1.5
127,Port Hedland,0,AU,1576372619,38,-20.31,118.58,306.15,2.6
128,Salinopolis,100,BR,1576372619,81,-0.61,-47.36,301.4,6.73
129,Novosergiyevka,100,RU,1576372620,77,52.08,53.65,261.33,2.77
130,Champerico,5,MX,1576372620,69,16.38,-93.6,297.15,5.7
131,Huarmey,92,PE,1576372542,77,-10.07,-78.15,292.65,2.01
132,Palauig,30,PH,1576372621,67,15.44,119.9,299.19,1.17
133,San Quintin,0,PH,1576372621,75,17.54,120.52,298.09,1.84
134,Bethel,90,US,1576372458,86,60.79,-161.76,275.15,5.7
135,Bathsheba,40,BB,1576372622,74,13.22,-59.52,300.15,10.3
136,San Rafael,27,AR,1576372622,27,-34.61,-68.33,297.0,3.1
137,Kaitangata,100,NZ,1576372622,93,-46.28,169.85,283.71,0.89
138,Pangnirtung,75,CA,1576372622,65,66.15,-65.72,258.15,6.2
139,Blairmore,90,CA,1576372623,63,49.61,-114.44,271.15,6.2
140,Iquitos,75,PE,1576372432,94,-3.75,-73.25,296.15,2.6
141,Abbeville,90,FR,1576372623,87,50.11,1.83,283.15,5.1
142,Port Elizabeth,90,US,1576372624,81,39.31,-74.98,283.15,7.2
143,Luderitz,0,NA,1576372624,77,-26.65,15.16,291.15,6.2
144,Nizwa,1,OM,1576372624,67,22.93,57.53,291.02,0.42
145,Coro,13,VE,1576372625,83,11.41,-69.67,299.2,6.58
146,Dzaoudzi,61,YT,1576372625,88,-12.79,45.27,301.15,1.0
147,Den Helder,90,NL,1576372626,80,52.96,4.76,279.26,6.2
148,San Cristobal,0,HN,1576372626,68,14.68,-86.92,292.64,1.54
149,Tuktoyaktuk,5,CA,1576372626,75,69.44,-133.03,245.15,2.6
150,Guaraniacu,81,BR,1576372630,93,-25.1,-52.88,292.99,1.74
151,Sao Sebastiao,100,BR,1576372631,78,-3.15,-58.36,299.08,0.76
152,Pacific Grove,40,US,1576372631,66,36.62,-121.92,287.15,3.1
153,Vardo,20,US,1576372631,60,39.62,-77.74,280.15,9.3
154,Bontang,100,ID,1576372632,81,0.12,117.47,299.52,2.21
155,Peniche,75,PT,1576372632,93,39.36,-9.38,286.48,2.6
156,New Norfolk,90,AU,1576372633,82,-42.78,147.06,288.15,3.6
157,Codrington,40,AU,1576372633,55,-28.95,153.24,304.82,1.5
158,Guerrero Negro,0,MX,1576372633,77,27.97,-114.04,292.43,6.58
159,Skaelskor,67,DK,1576372634,86,55.25,11.29,278.71,6.7
160,Kruisfontein,100,ZA,1576372634,86,-34.0,24.73,287.32,10.96
161,Jamestown,29,AU,1576372634,19,-33.21,138.6,302.06,4.41
162,Bubaque,0,GW,1576372635,70,11.28,-15.83,300.06,5.44
163,Tessalit,53,ML,1576372635,9,20.2,1.01,289.39,4.66
164,Muros,90,ES,1576372636,100,42.77,-9.06,288.15,6.7
165,Severo-Kurilsk,91,RU,1576372636,92,50.68,156.12,266.89,2.14
166,Romano di Lombardia,14,IT,1576372636,80,45.52,9.75,278.71,1.0
167,Lagoa,75,PT,1576372637,100,37.14,-8.45,286.48,1.0
168,Falam,0,MM,1576372637,89,22.91,93.68,281.24,0.94
169,Nalut,0,LY,1576372638,59,31.86,10.98,286.45,2.0
170,Morro Bay,40,US,1576372637,71,35.37,-120.85,287.59,6.7
171,Praia da Vitoria,75,PT,1576372638,93,38.73,-27.07,284.82,9.6
172,Rorvik,100,NO,1576372639,69,64.86,11.24,277.59,3.58
173,Namibe,52,AO,1576372639,71,-15.19,12.15,296.69,3.42
174,Riyadh,20,SA,1576372639,59,24.63,46.72,289.15,2.6
175,Honiara,40,SB,1576372640,83,-9.43,159.96,301.15,2.6
176,Gigmoto,31,PH,1576372640,81,13.78,124.39,300.9,9.41
177,Nioro,0,GM,1576372640,13,13.79,-15.05,298.61,2.97
178,Qaqortoq,0,GL,1576372641,48,60.72,-46.03,265.15,2.6
179,Namatanai,62,PG,1576372641,69,-3.66,152.44,302.7,2.81
180,Yellowknife,20,CA,1576372641,73,62.45,-114.38,240.93,2.1
181,Saint-Augustin,90,CA,1576372641,93,45.63,-73.98,277.04,5.1
182,Poum,0,MK,1576372642,82,41.28,20.71,275.28,0.89
183,Kawerau,79,NZ,1576372643,72,-38.09,176.7,295.37,0.45
184,Abha,37,SA,1576372644,82,18.22,42.5,288.15,0.14
185,Daru,65,PG,1576372644,49,-9.07,143.21,306.12,1.56
186,Sao Joao del Rei,100,BR,1576372645,95,-21.14,-44.26,292.27,3.43
187,Vanavara,100,RU,1576372645,95,60.35,102.28,256.2,3.45
188,Silver City,1,US,1576372645,61,32.77,-108.28,285.93,5.1
189,Manta,37,RO,1576372646,88,45.1,24.1,278.08,2.54
190,Karwar,43,IN,1576372646,73,14.8,74.13,297.22,2.33
191,Storforshei,97,NO,1576372646,80,66.4,14.52,266.96,3.75
192,Nouadhibou,93,MR,1576372647,72,20.93,-17.03,290.15,6.7
193,Khani,40,GE,1576372647,54,41.96,42.96,288.15,4.6
194,Jackville,40,CI,1576372647,94,5.21,-4.42,299.15,1.5
195,Khovu-Aksy,100,RU,1576372648,93,51.13,93.72,259.27,0.64
196,Portland,90,US,1576372613,87,43.66,-70.25,285.37,3.1
197,Ilulissat,71,GL,1576372648,56,69.22,-51.1,262.15,6.7
198,Arraial do Cabo,100,BR,1576372649,89,-22.97,-42.02,297.51,6.07
199,Kahului,40,US,1576372649,51,20.89,-156.47,302.15,7.7
200,Chara,75,GR,1576372652,76,39.42,22.43,287.15,4.1
201,Alice Springs,0,AU,1576372653,8,-23.7,133.88,305.15,5.1
202,Inhambane,2,MZ,1576372653,81,-23.87,35.38,297.55,2.81
203,Torbay,90,CA,1576372653,92,47.66,-52.73,274.26,6.2
204,Aripuana,68,BR,1576372654,86,-9.17,-60.63,297.57,0.74
205,Constitucion,5,MX,1576372654,13,23.99,-104.67,293.15,4.1
206,Pangkalanbuun,46,ID,1576372381,90,-2.68,111.62,298.27,0.93
207,Umm Lajj,50,SA,1576372656,56,25.02,37.27,288.14,2.6
208,Porto Novo,40,BR,1576372656,83,-23.68,-45.44,295.15,4.6
209,Khvorostyanka,100,RU,1576372656,79,52.62,48.95,266.49,5.03
210,Airai,44,TL,1576372656,61,-8.93,125.41,299.22,0.86
211,Healdsburg,75,US,1576372657,76,38.61,-122.87,285.15,4.1
212,Alta Floresta,85,BR,1576372657,90,-9.87,-56.08,296.66,1.52
213,Padang,97,ID,1576372658,87,-0.92,100.36,293.66,1.28
214,Hay River,75,CA,1576372658,75,60.82,-115.79,246.15,3.6
215,El Tocuyo,97,VE,1576372658,46,9.79,-69.8,305.15,4.1
216,Beringovskiy,91,RU,1576372659,89,63.05,179.32,263.8,6.01
217,Egvekinot,100,RU,1576372659,95,66.32,-179.17,261.09,3.04
218,Ribeira Grande,40,PT,1576372660,66,38.52,-28.7,286.15,6.2
219,Boksitogorsk,100,RU,1576372660,83,59.47,33.85,273.71,0.45
220,Itarema,0,BR,1576372661,72,-2.92,-39.92,299.67,4.05
221,Vila do Maio,25,CV,1576372661,78,15.13,-23.22,295.15,6.2
222,Niamey,1,NE,1576372661,14,13.52,2.11,293.15,1.0
223,Kununurra,41,AU,1576372662,37,-15.77,128.74,309.15,1.5
224,Ubinskoye,85,RU,1576372662,98,55.31,79.68,254.34,1.88
225,Camargo,0,MX,1576372662,23,27.69,-105.17,294.37,2.53
226,Port Lincoln,57,AU,1576372663,36,-34.72,135.86,297.54,1.41
227,Nikolskoye,90,RU,1576372663,80,59.7,30.79,275.15,4.0
228,Tilichiki,100,RU,1576372663,94,60.47,166.1,256.84,2.29
229,Abu Zabad,42,SD,1576372664,17,12.35,29.25,294.0,5.61
230,Richards Bay,0,ZA,1576372664,84,-28.77,32.06,296.65,13.42
231,Maniitsoq,100,GL,1576372664,85,65.42,-52.9,263.72,2.53
232,Prince Rupert,90,CA,1576372477,100,54.32,-130.32,277.15,1.0
233,Dong Xoai,15,VN,1576372665,80,11.53,106.92,294.74,2.03
234,Busayra,0,JO,1576372666,45,30.74,35.61,280.62,1.33
235,Qaanaaq,17,GL,1576372666,49,77.48,-69.36,254.94,4.38
236,Pemba,40,MZ,1576372667,88,-12.97,40.52,300.15,2.1
237,Doha,71,QA,1576372453,78,25.29,51.53,296.15,2.6
238,Beloha,100,MG,1576372667,90,-25.17,45.06,296.87,0.43
239,Seoul,1,KR,1576372397,74,37.57,126.98,276.15,1.5
240,Vila Franca do Campo,20,PT,1576372668,62,37.72,-25.43,287.15,3.6
241,San Ramon,1,NI,1576372596,82,12.92,-85.84,292.71,1.82
242,Chicama,20,PE,1576372669,82,-7.84,-79.15,293.15,4.6
243,Tigzirt,100,DZ,1576372669,61,36.57,4.2,283.99,3.02
244,Victoria,75,BN,1576372439,78,5.28,115.24,301.15,2.1
245,Eyl,7,SO,1576372670,79,7.98,49.82,298.93,8.49
246,Bulgan,47,MN,1576372670,59,48.81,103.53,262.73,1.65
247,Chaozhou,75,CN,1576372670,87,23.66,116.62,289.15,0.43
248,Sault Sainte Marie,90,CA,1576372671,86,46.49,-84.36,271.15,7.2
249,Kisesa,20,TZ,1576372672,88,-2.55,33.05,292.15,11.3
250,Curup,100,ID,1576372675,95,-3.47,102.53,293.78,0.38
251,Deputatskiy,64,RU,1576372675,99,69.3,139.9,242.4,0.41
252,Broken Hill,6,AU,1576372676,21,-31.97,141.45,302.15,2.6
253,San Juan,2,AR,1576372483,21,-31.54,-68.53,301.39,5.88
254,Tazovskiy,41,RU,1576372677,97,67.47,78.7,247.34,2.43
255,Lazaro Cardenas,5,MX,1576372677,15,28.39,-105.62,295.15,3.6
256,Aswan,0,EG,1576372677,42,24.09,32.9,285.95,2.66
257,Mopipi,67,BW,1576372677,34,-21.2,24.86,302.07,4.68
258,Avera,1,US,1576372678,62,33.19,-82.53,284.15,2.6
259,Tulun,100,RU,1576372678,91,54.56,100.58,263.62,3.53
260,Lunenburg,100,CA,1576372678,97,44.38,-64.32,288.71,4.02
261,Elko,1,US,1576372560,58,40.83,-115.76,272.15,1.5
262,Xuddur,0,SO,1576372679,80,4.12,43.89,295.97,5.16
263,Severobaykalsk,100,RU,1576372680,83,55.65,109.32,269.91,3.24
264,Paamiut,23,GL,1576372680,61,61.99,-49.67,266.5,12.74
265,Kang,22,BW,1576372680,23,-23.67,22.79,301.49,1.38
266,Goderich,100,CA,1576372513,61,43.74,-81.71,275.93,2.68
267,Ahipara,100,NZ,1576372681,100,-35.17,173.16,293.71,4.43
268,Muzhi,97,RU,1576372681,88,65.4,64.7,263.58,2.27
269,Dakoro,70,NE,1576372682,10,14.51,6.76,289.81,5.11
270,Lompoc,1,US,1576372682,71,34.64,-120.46,287.59,11.3
271,Gravdal,100,NO,1576372682,86,59.79,5.78,279.26,7.7
272,Esil,83,KZ,1576372683,98,51.96,66.41,256.29,1.39
273,Sioux Lookout,40,CA,1576372683,83,50.1,-91.92,252.15,2.6
274,Phibun Mangsahan,0,TH,1576372684,69,15.24,105.23,297.15,1.0
275,Santa Cruz,86,BR,1576372684,68,-6.22,-36.02,297.75,4.4
276,Urengoy,25,RU,1576372684,96,65.96,78.37,245.77,2.13
277,Dingle,64,PH,1576372685,90,11.0,122.67,298.34,5.71
278,Tura,96,RU,1576372686,97,64.27,100.22,253.29,1.29
279,Zaprudnya,90,RU,1576372686,92,56.56,37.43,272.15,6.0
280,Yayva,96,RU,1576372687,80,59.33,57.26,262.59,0.45
281,Fortuna,90,US,1576372687,93,40.6,-124.16,282.04,3.1
282,Adrar,1,DZ,1576372688,41,27.87,-0.29,287.15,2.6
283,Parsabad,100,AZ,1576372688,100,39.65,47.92,274.15,2.1
284,Preobrazheniye,2,RU,1576372689,55,42.9,133.91,266.31,1.84
285,Pueblo,1,US,1576372689,44,38.25,-104.61,278.71,6.2
286,Old Shinyanga,17,TZ,1576372689,78,-3.56,33.41,293.73,0.92
287,Vestmanna,95,FO,1576372690,86,62.16,-7.17,277.15,8.7
288,Tuatapere,100,NZ,1576372690,93,-46.13,167.69,284.26,1.79
289,Lianzhou,8,CN,1576372690,90,24.79,112.38,286.01,0.84
290,Belaya Gora,72,RU,1576372691,99,68.54,146.19,240.78,1.24
291,Turayf,10,SA,1576372691,86,31.68,38.65,278.15,2.1
292,Posyet,61,RU,1576372692,58,42.65,130.8,270.99,2.79
293,Wakkanai,75,JP,1576372692,73,45.41,141.67,270.15,8.2
294,Malatya,90,TR,1576372692,93,38.35,38.32,280.15,1.5
295,Puerto Escondido,40,MX,1576372692,69,15.86,-97.07,301.15,0.95
296,Sao Filipe,21,CV,1576372693,78,14.9,-24.5,294.76,5.8
297,Manavalakurichi,40,IN,1576372693,94,8.13,77.3,298.15,12.31
298,Talnakh,99,RU,1576372694,74,69.49,88.39,243.15,1.75
299,Quelimane,92,MZ,1576372694,100,-17.88,36.89,297.15,1.0
300,Cayenne,98,GF,1576372698,88,4.94,-52.33,299.15,3.1
301,Longyearbyen,8,NO,1576372698,78,78.22,15.63,262.15,4.6
302,Atar,30,MR,1576372698,11,20.52,-13.05,293.02,3.05
303,Hervey Bay,40,AU,1576372698,55,-25.3,152.85,303.71,5.1
304,Martapura,38,ID,1576372699,85,-3.41,114.85,299.45,0.93
305,Zhenhai,20,CN,1576372699,93,29.95,121.71,288.15,1.0
306,Buchanan,84,LR,1576372700,90,5.88,-10.05,298.14,1.55
307,Matara,49,BI,1576372700,90,-3.48,29.48,287.11,1.74
308,Baykit,89,RU,1576372700,95,61.68,96.39,250.15,1.56
309,Denpasar,20,ID,1576372587,79,-8.65,115.22,302.15,3.1
310,Tanabe,75,JP,1576372701,66,33.73,135.39,283.15,5.7
311,Le Port,64,FR,1576372701,91,42.87,1.37,280.37,2.24
312,Pravia,61,ES,1576372702,51,43.49,-6.11,290.15,7.2
313,Makakilo City,75,US,1576372702,88,21.35,-158.09,301.15,2.1
314,Porto Velho,100,BR,1576372641,94,-8.75,-63.87,298.15,1.0
315,Sechura,76,PE,1576372703,85,-5.56,-80.82,293.89,7.36
316,Kattivakkam,40,IN,1576372703,94,13.22,80.32,296.15,5.92
317,Waingapu,100,ID,1576372704,70,-9.65,120.26,302.01,1.03
318,Kokubu,75,JP,1576372704,76,31.73,130.77,286.15,1.5
319,Buala,13,SB,1576372704,69,-8.15,159.59,303.06,1.16
320,Duluth,90,US,1576372578,71,46.77,-92.13,259.15,5.1
321,Mitu,17,IR,1576372705,90,36.2,46.09,272.7,1.21
322,Nouakchott,0,MR,1576372706,68,18.08,-15.98,292.15,4.6
323,Sobolevo,100,RU,1576372706,92,54.43,31.9,273.13,5.58
324,Eustis,90,US,1576372706,92,40.66,-100.03,269.15,4.1
325,Tezu,50,IN,1576372707,53,27.93,96.16,288.1,1.09
326,Noumea,0,NC,1576372486,43,-22.28,166.46,304.15,6.2
327,Ebolowa,77,CM,1576372707,99,2.92,11.15,293.4,1.14
328,Eha Amufu,32,NG,1576372708,27,6.65,7.77,297.17,1.79
329,Metro,99,ID,1576372708,84,-5.11,105.31,298.73,3.0
330,Kenai,75,US,1576372708,80,60.55,-151.26,275.37,4.1
331,Kiama,100,AU,1576372709,37,-34.67,150.86,302.04,5.1
332,Isangel,75,VU,1576372710,74,-19.55,169.27,302.15,6.45
333,Radinac,0,RS,1576372710,88,44.63,20.97,278.15,2.1
334,Ratnagiri,51,IN,1576372711,64,16.98,73.3,293.66,0.64
335,Vanimo,100,PG,1576372711,75,-2.67,141.3,301.37,6.32
336,Manaus,75,BR,1576372712,88,-3.13,-59.98,299.15,2.6
337,Bambous Virieux,40,MU,1576372712,94,-20.34,57.76,297.59,1.5
338,Hobyo,16,SO,1576372712,81,5.35,48.53,298.68,5.92
339,Dickinson,90,US,1576372712,78,46.88,-102.79,263.71,5.7
340,Glenwood Springs,90,US,1576372713,98,39.55,-107.33,276.15,1.5
341,Nardaran,75,AZ,1576372713,87,40.56,50.01,283.15,5.1
342,Vazante,98,BR,1576372714,89,-17.99,-46.9,294.7,1.13
343,Palmer,41,AU,1576372714,64,-34.85,139.16,301.48,3.6
344,Magistralnyy,100,RU,1576372714,91,56.17,107.45,265.04,1.84
345,Lorengau,100,PG,1576372714,74,-2.02,147.27,302.38,4.07
346,Necochea,99,AR,1576372599,88,-38.55,-58.74,290.93,0.89
347,Fort-Shevchenko,0,KZ,1576372715,62,44.51,50.26,273.62,9.92
348,Shenjiamen,100,CN,1576372716,73,29.96,122.3,288.37,5.44
349,Kamloops,90,CA,1576372716,94,50.68,-120.34,274.15,1.0
350,Zhigansk,100,RU,1576372719,96,66.77,123.37,249.33,4.02
351,Cabo San Lucas,5,MX,1576372720,68,22.89,-109.91,296.48,5.1
352,Male,77,UA,1576372720,89,50.74,33.7,277.21,5.63
353,Roald,100,NO,1576372720,60,62.58,6.12,278.15,4.6
354,Oranjestad,20,AW,1576372721,78,12.52,-70.03,301.15,7.7
355,Dicabisagan,58,PH,1576372721,86,17.08,122.42,298.47,3.55
356,Mana,88,NG,1576372722,9,13.03,5.27,291.84,4.53
357,Kendari,100,ID,1576372722,89,-3.99,122.52,298.93,1.04
358,Vestmannaeyjar,0,IS,1576372722,73,63.44,-20.27,269.81,10.61
359,Haikou,20,CN,1576372723,100,20.04,110.34,291.15,1.0
360,Haimen,37,CN,1576372723,59,31.87,121.18,287.04,5.57
361,Haines Junction,91,CA,1576372724,94,60.75,-137.51,265.95,2.93
362,Chester,75,GB,1576372724,93,53.19,-2.89,278.71,6.2
363,Hays,75,US,1576372724,79,38.88,-99.33,271.15,3.6
364,Taoudenni,61,ML,1576372724,20,22.68,-3.98,287.94,2.4
365,Hami,100,CN,1576372725,51,42.84,93.51,267.84,0.15
366,Cabrera,85,CO,1576372725,91,3.98,-74.48,286.93,0.83
367,Nampula,40,MZ,1576372726,94,-15.12,39.26,295.15,3.1
368,Emba,75,CY,1576372726,42,34.81,32.42,292.15,5.7
369,Allschwil,98,CH,1576372726,93,47.55,7.54,283.71,2.6
370,Watertown,40,US,1576372694,77,44.9,-97.12,257.04,2.6
371,Alyangula,80,AU,1576372727,63,-13.85,136.42,306.15,3.6
372,Mnogovershinnyy,6,RU,1576372728,76,53.94,139.92,254.85,3.19
373,Colac,100,AU,1576372728,98,-38.34,143.59,291.48,0.89
374,Kribi,92,CM,1576372728,88,2.94,9.91,298.78,2.13
375,Belle Fourche,90,US,1576372729,92,44.67,-103.85,269.82,0.44
376,Lubango,61,AO,1576372729,58,-14.92,13.49,291.31,0.65
377,Barstow,1,US,1576372729,29,31.46,-103.39,295.15,3.1
378,Bowen,40,AU,1576372729,55,-20.01,148.25,305.93,2.6
379,Oussouye,0,SN,1576372730,94,12.49,-16.54,294.15,3.1
380,Opuwo,81,NA,1576372730,28,-18.06,13.84,297.46,3.6
381,Shelburne,90,CA,1576372731,93,44.08,-80.2,276.15,4.1
382,Awjilah,0,LY,1576372731,68,29.14,21.3,288.51,8.31
383,New Braunfels,1,US,1576372732,52,29.7,-98.13,295.15,2.1
384,Samarai,27,PG,1576372732,63,-10.62,150.67,302.74,2.66
385,Fort Nelson,75,CA,1576372732,76,58.81,-122.69,250.15,0.33
386,Caravelas,1,BR,1576372733,94,-17.73,-39.27,296.45,3.0
387,Yar-Sale,95,RU,1576372733,96,66.83,70.83,259.4,4.17
388,Taltal,0,CL,1576372733,85,-25.41,-70.49,288.22,0.98
389,Rome,40,IT,1576372566,93,41.89,12.48,283.15,2.6
390,Flin Flon,75,CA,1576372734,76,54.77,-101.88,251.15,3.6
391,Cabra,90,ES,1576372734,87,37.47,-4.43,284.15,0.54
392,Sovetskiy,49,RU,1576372734,91,56.76,48.47,264.27,4.2
393,Severo-Yeniseyskiy,100,RU,1576372735,98,60.37,93.04,247.44,1.92
394,Esmeraldas,100,BR,1576372736,60,-19.76,-44.31,298.15,3.1
395,Tutoia,26,BR,1576372736,83,-2.76,-42.27,299.04,1.64
396,Gunjur,0,GM,1576372736,77,13.18,-16.76,294.15,2.6
397,Carauari,100,BR,1576372737,94,-4.88,-66.9,297.29,1.07
398,Zapolyarnyy,61,RU,1576372737,100,69.43,30.82,270.15,3.1
399,Bang Sao Thong,20,TH,1576372737,69,13.6,100.83,300.93,2.1
400,Ust-Kuyga,9,RU,1576372741,97,70.0,135.55,236.22,2.39
401,Victor Harbor,47,AU,1576372741,64,-35.55,138.62,301.48,3.6
402,Imbituba,75,BR,1576372742,94,-28.24,-48.67,296.15,3.6
403,Yerbogachen,100,RU,1576372742,97,61.28,108.01,253.61,3.36
404,Tual,57,ID,1576372742,66,-5.67,132.75,302.54,1.91
405,Petatlan,75,MX,1576372743,70,17.52,-101.27,302.15,4.65
406,Durusu,90,TR,1576372743,93,37.53,40.83,282.15,2.6
407,Matay,0,EG,1576372744,38,28.42,30.79,284.61,5.29
408,Nianzishan,99,CN,1576372744,81,47.51,122.88,261.47,0.98
409,Umm Kaddadah,64,SD,1576372744,17,13.6,26.69,294.19,5.86
410,Calceta,40,EC,1576372745,83,-0.85,-80.16,297.15,5.7
411,Borba,100,BR,1576372745,92,-4.39,-59.59,297.42,0.82
412,Manicore,100,BR,1576372745,82,-5.81,-61.3,298.3,0.16
413,Karpathos,74,GR,1576372746,68,35.51,27.21,289.18,4.3
414,Danjiangkou,90,CN,1576372746,60,32.54,111.51,277.35,0.41
415,Port Blair,97,IN,1576372747,79,11.67,92.75,299.69,7.11
416,Agadir,90,MA,1576372747,100,30.42,-9.58,285.15,3.1
417,Singaraja,97,ID,1576372747,70,-8.11,115.08,301.74,0.52
418,Kloulklubed,90,PW,1576372748,88,7.04,134.26,300.15,3.1
419,Marawi,92,PH,1576372748,82,8.0,124.29,300.93,0.45
420,Plettenberg Bay,100,ZA,1576372748,86,-34.05,23.37,287.86,6.57
421,Lufilufi,40,WS,1576372748,66,-13.87,-171.6,306.15,6.2
422,Hamilton,90,CA,1576372555,91,43.26,-79.87,276.48,6.2
423,Mount Pleasant,1,US,1576372522,62,33.16,-94.97,285.37,1.5
424,Coquimbo,26,CL,1576372749,87,-29.95,-71.34,288.15,1.0
425,Palmas,40,BR,1576372749,73,-10.18,-48.33,298.15,2.6
426,Kumluca,45,TR,1576372750,83,36.37,30.29,283.07,1.89
427,Hayden,90,US,1576372750,93,47.77,-116.79,274.26,3.1
428,Olenegorsk,40,RU,1576372750,91,68.14,33.28,265.98,1.04
429,Nuevitas,17,CU,1576372751,83,21.55,-77.27,296.15,1.5
430,Itanhaem,90,BR,1576372751,88,-24.18,-46.79,298.15,3.6
431,Xining,48,CN,1576372512,61,36.62,101.77,266.21,1.22
432,Lotoshino,99,RU,1576372752,91,56.23,35.64,271.53,5.33
433,Comodoro Rivadavia,74,AR,1576372752,37,-45.87,-67.48,294.15,7.2
434,San Juan Bautista,32,PY,1576372752,52,-26.67,-57.15,303.0,5.12
435,Nanortalik,39,GL,1576372753,64,60.14,-45.24,269.6,16.2
436,Port Hawkesbury,90,CA,1576372753,100,45.62,-61.36,286.48,3.1
437,Coffs Harbour,43,AU,1576372753,74,-30.3,153.13,304.15,4.6
438,Kamenka,100,MD,1576372754,95,48.03,28.7,279.26,2.6
439,Shingu,75,JP,1576372754,63,33.72,135.99,283.15,5.7
440,Madona,100,LV,1576372754,97,56.85,26.22,274.5,3.67
441,Krasnyye Chetai,49,RU,1576372755,87,55.69,46.16,267.24,4.17
442,Dunedin,96,NZ,1576372755,87,-45.87,170.5,285.37,4.02
443,Grindavik,75,IS,1576372755,79,63.84,-22.43,270.15,6.7
444,Luau,94,CD,1576372756,97,-10.7,22.23,291.36,0.98
445,Hearst,100,CA,1576372756,94,49.69,-83.67,256.28,4.36
446,Aykhal,75,RU,1576372756,74,65.95,111.51,240.15,2.0
447,Geraldton,40,CA,1576372757,77,49.72,-86.95,254.15,3.1
448,Sinnamary,58,GF,1576372757,83,5.38,-52.96,300.23,8.55
449,Husavik,3,CA,1576372757,80,50.56,-96.99,244.82,2.03
450,Raudeberg,100,NO,1576372761,56,61.99,5.14,279.15,4.6
451,Yekepa,49,LR,1576372761,64,7.58,-8.54,296.3,0.56
452,Batagay-Alyta,92,RU,1576372762,95,67.8,130.41,241.11,1.91
453,Gympie,42,AU,1576372762,64,-26.2,152.66,305.37,0.45
454,Saint-Francois,90,FR,1576372762,67,46.42,3.91,287.15,4.1
455,Volkhovskiy,100,RU,1576372763,97,58.58,31.32,273.97,5.32
456,Lata,100,IN,1576372763,95,30.78,78.62,261.81,1.75
457,Sao Miguel do Iguacu,75,BR,1576372764,88,-25.35,-54.24,298.15,5.7
458,Cove,1,US,1576372764,77,29.8,-94.84,291.48,3.6
459,Kautokeino,97,NO,1576372764,96,69.01,23.04,269.09,2.65
460,Ust-Ishim,97,RU,1576372765,97,57.69,71.17,259.97,2.1
461,Sanmenxia,100,CN,1576372765,47,34.77,111.19,274.84,2.44
462,Ranong,70,TH,1576372765,83,9.96,98.62,299.15,3.34
463,Zhangjiakou,87,CN,1576372766,60,40.77,114.88,265.37,1.09
464,Dukhovnitskoye,100,RU,1576372766,82,52.48,48.21,266.52,3.24
465,Bilma,32,NE,1576372766,16,18.69,12.92,287.25,4.32
466,Yavaros,0,MX,1576372767,79,26.7,-109.52,296.48,3.77
467,Malmesbury,40,GB,1576372767,86,51.58,-2.1,279.82,7.7
468,Kuroiso,75,JP,1576372767,51,36.97,140.05,277.15,6.2
469,Maues,98,BR,1576372768,82,-3.38,-57.72,299.17,0.58
470,Cusuna,2,HN,1576372768,73,15.85,-85.23,298.17,2.22
471,Handlova,75,SK,1576372769,100,48.73,18.76,277.04,1.5
472,Forbes,86,AU,1576372769,24,-33.38,148.01,300.74,3.31
473,Norman Wells,75,CA,1576372770,68,65.28,-126.83,247.15,1.5
474,Kapit,13,MY,1576372770,94,2.02,112.94,296.76,0.44
475,Santa Maria del Oro,0,MX,1576372770,28,25.95,-105.37,292.43,6.34
476,Qasigiannguit,71,GL,1576372771,56,68.82,-51.19,262.15,6.7
477,Rabo de Peixe,20,PT,1576372771,62,37.8,-25.58,287.15,3.6
478,Kothapet,40,IN,1576372771,93,17.37,78.55,292.59,1.0
479,Beyneu,50,KZ,1576372772,87,45.32,55.19,272.35,6.44
480,Pembroke,90,CA,1576372772,96,45.82,-77.11,273.71,6.2
481,Srivardhan,17,IN,1576372773,67,18.03,73.02,295.6,2.44
482,Broager,27,DK,1576372773,80,54.89,9.68,278.15,5.7
483,Lavrentiya,100,RU,1576372773,95,65.58,-170.99,270.1,4.85
484,Gao,0,ML,1576372774,5,16.28,-0.04,293.26,3.87
485,Bumba,87,CD,1576372774,93,2.18,22.47,295.2,1.13
486,Piopio,70,CL,1576372774,82,-42.79,-73.57,286.15,2.1
487,Petropavlovsk-Kamchatskiy,20,RU,1576372775,66,53.05,158.65,264.15,2.0
488,Komsomolskiy,100,RU,1576372775,95,67.55,63.78,265.42,4.11
489,Uvarovo,100,RU,1576372776,94,51.99,42.26,272.25,5.88
490,Menongue,67,AO,1576372776,93,-14.66,17.68,289.97,1.66
491,Naze,54,NG,1576372777,81,5.43,7.07,295.72,1.02
492,Kidal,53,ML,1576372777,5,18.44,1.41,290.29,4.18
493,Foso,56,GH,1576372777,95,5.7,-1.29,297.11,1.05
494,Menomonie,1,US,1576372778,77,44.88,-91.92,260.93,3.6
495,Waipawa,100,NZ,1576372778,50,-39.94,176.59,296.48,3.13
496,Ishigaki,20,JP,1576372779,60,24.34,124.16,296.15,5.1
497,Santo Antonio do Ica,68,BR,1576372779,93,-3.1,-67.94,297.52,1.29
498,Truckee,75,US,1576372780,35,39.33,-120.18,279.15,2.6
499,Canta,100,RO,1576372780,93,47.17,27.55,280.37,2.1
500,Faya,5,SA,1576372783,82,18.39,42.45,288.15,1.37
501,Wilmington,90,US,1576372495,75,39.75,-75.55,282.59,7.2
502,Sangar,99,RU,1576372784,89,63.92,127.47,248.73,3.97
503,Buta,30,CD,1576372784,88,2.79,24.73,294.99,0.17
504,Plouzane,93,FR,1576372785,75,48.38,-4.62,282.15,7.7
505,Mehamn,30,NO,1576372785,83,71.03,27.85,270.57,5.53
506,Hambantota,75,LK,1576372785,100,6.12,81.12,297.15,2.6
507,Tommot,100,RU,1576372786,96,58.97,126.27,260.86,0.62
508,Kajaani,90,FI,1576372620,97,64.22,27.73,273.15,3.6
509,Norrkoping,100,SE,1576372786,100,58.59,16.18,276.15,3.1
510,Aligudarz,0,IR,1576372787,85,33.4,49.69,271.74,1.14
511,Erzin,75,TR,1576372787,100,36.95,36.2,285.93,2.1
512,Sharjah,60,AE,1576372623,78,25.36,55.39,295.15,2.6
513,Yetkul,100,RU,1576372788,77,54.83,61.59,258.15,1.0
514,Anchorage,40,US,1576372590,80,61.22,-149.89,275.37,2.6
515,Luena,66,AO,1576372789,96,-11.78,19.91,289.66,0.11
516,Guymon,1,US,1576372646,55,36.68,-101.48,280.15,5.7
517,Odienne,4,CI,1576372789,24,9.51,-7.57,295.15,0.52
518,Kushiro,20,JP,1576372790,54,43.11,144.15,272.15,7.7
519,Qandala,0,SO,1576372791,81,11.47,49.87,296.98,0.64
520,Mahibadhoo,100,MV,1576372791,72,3.78,72.97,301.03,3.52
521,Villa Union,91,BO,1576372792,91,-10.79,-65.46,297.06,0.99
522,Brusturoasa,20,RO,1576372792,75,46.52,26.18,280.15,3.6
523,Kolondieba,0,ML,1576372792,18,11.09,-6.89,294.85,1.16
524,Moron,51,HT,1576372793,79,18.56,-74.26,298.97,4.01
525,Gouyave,75,GD,1576372793,83,12.16,-61.73,300.15,6.2
526,Batticaloa,100,LK,1576372793,93,7.71,81.69,295.72,0.36
527,Normandin,90,CA,1576372794,96,48.84,-72.53,273.15,2.1
528,Vila Velha,40,BR,1576372794,74,-3.71,-38.6,303.15,6.2
529,Vegreville,85,CA,1576372794,89,53.5,-112.05,265.93,1.79
530,Dovers,40,VC,1576372795,83,12.88,-61.18,300.15,7.2
531,Araouane,0,ML,1576372795,10,18.9,-3.53,291.38,4.39
532,Peterhead,33,AU,1576372796,56,-34.83,138.5,301.48,3.6
533,Jermuk,100,AM,1576372796,92,39.84,45.67,266.93,2.92
534,Sanchor,0,IN,1576372796,44,24.76,71.77,287.92,3.95
535,Pitimbu,20,BR,1576372796,83,-7.47,-34.81,299.15,3.6
536,Muli,100,CN,1576372797,81,28.08,109.56,280.08,2.94
537,Luganville,75,VU,1576372797,70,-15.51,167.18,302.15,3.6
538,Rawson,0,AR,1576372798,56,-43.3,-65.11,289.82,7.54
539,Hasaki,75,JP,1576372798,49,35.73,140.83,282.15,4.1
540,Ternate,40,PH,1576372798,66,14.29,120.72,303.15,1.0
541,Beauvais,90,FR,1576372799,87,49.44,2.09,284.82,8.2
542,Aquiraz,40,BR,1576372799,74,-3.9,-38.39,303.15,6.2
