City_Id,City,Cloudiness,Country,Date,Humidity,Latitude,Longitude,Max Temp,Wind Speed
0,Barrow,0,AR,1577914064,54,-38.31,-60.23,294.46,5.6
1,Ternate,75,PH,1577914064,88,14.29,120.72,298.15,7.85
2,Rikitea,100,PF,1577914065,80,-23.12,-134.97,299.08,5.21
3,Lompoc,1,US,1577914016,59,34.64,-120.46,292.04,4.6
4,Mataura,100,NZ,1577914065,97,-46.19,168.86,284.67,0.33
5,Macon,1,US,1577914066,26,32.84,-83.63,289.15,3.6
6,Avera,1,US,1577914054,32,33.19,-82.53,289.15,3.6
7,Kodiak,1,US,1577914066,43,39.95,-94.76,286.48,7.7
8,Punta Arenas,96,CL,1577914066,37,-53.16,-70.91,294.15,7.7
9,Ribeira Grande,40,PT,1577914066,63,38.52,-28.7,289.15,8.7
10,Mar del Plata,100,AR,1577914067,64,-46.43,-67.52,292.1,5.66
11,Jamestown,0,AU,1577914067,41,-33.21,138.6,291.14,4.89
12,Dikson,100,RU,1577914067,91,73.51,80.55,255.86,11.46
13,Mahebourg,20,MU,1577914067,94,-20.41,57.7,298.71,1.5
14,Souillac,90,FR,1577914068,100,45.6,-0.6,282.59,4.6
15,Severo-Kurilsk,30,RU,1577914068,73,50.68,156.12,261.95,1.5
16,Asyut,100,EG,1577914068,76,27.18,31.19,283.15,4.1
17,Vertou,90,FR,1577914069,100,47.17,-1.47,283.15,1.5
18,Tura,86,RU,1577914069,96,64.27,100.22,247.49,2.82
19,Kaitangata,100,NZ,1577914069,90,-46.28,169.85,283.83,1.95
20,Cape Town,20,ZA,1577913893,88,-33.93,18.42,293.15,8.7
21,Kohlu,2,PK,1577914070,50,29.9,69.25,276.32,3.38
22,Qeshm,0,IR,1577914070,82,26.96,56.27,293.15,1.0
23,Qasigiannguit,87,GL,1577914070,50,68.82,-51.19,260.15,3.1
24,Saint George,20,GR,1577914070,42,39.45,22.34,281.15,7.7
25,Sitka,0,US,1577914071,32,37.17,-99.65,287.04,2.68
26,Narsaq,4,GL,1577914071,55,60.91,-46.05,260.15,2.1
27,Aripuana,100,BR,1577914071,97,-9.17,-60.63,296.06,1.74
28,Lavrentiya,0,RU,1577914072,85,65.58,-170.99,245.68,6.72
29,Kapaa,1,US,1577914072,57,22.08,-159.32,300.15,4.6
30,Albany,75,US,1577914072,51,42.65,-73.75,276.15,5.1
31,Saskylakh,0,RU,1577914072,82,71.97,114.09,248.17,6.2
32,Husavik,100,CA,1577914073,84,50.56,-96.99,269.82,1.79
33,Fortuna,90,US,1577914073,100,40.6,-124.16,286.15,2.1
34,Copiapo,0,CL,1577914073,60,-27.37,-70.33,294.15,5.1
35,Castro,49,CL,1577914074,53,-42.48,-73.76,295.15,3.6
36,Fukue,75,JP,1577914074,61,35.03,136.69,281.15,8.2
37,Faya,0,SA,1577914074,71,18.39,42.45,288.15,4.1
38,Hovd,75,NO,1577914074,70,63.83,10.7,282.59,8.7
39,Qaanaaq,100,GL,1577914075,90,77.48,-69.36,236.05,2.17
40,Bluff,3,AU,1577914075,78,-23.58,149.07,297.8,5.35
41,Arraial do Cabo,100,BR,1577914075,78,-22.97,-42.02,302.15,9.8
42,Busselton,95,AU,1577914075,61,-33.64,115.35,287.04,2.13
43,Ushuaia,75,AR,1577913834,32,-54.81,-68.31,293.15,6.2
44,Jining,41,CN,1577914076,65,35.41,116.58,273.52,1.13
45,Ilulissat,87,GL,1577914076,50,69.22,-51.1,260.15,3.1
46,Bayanday,100,RU,1577914077,90,53.07,105.52,257.35,2.26
47,Saint-Philippe,75,CA,1577914078,86,45.36,-73.48,273.71,5.7
48,Igarka,100,RU,1577914078,94,67.47,86.57,256.45,6.83
49,Katsuura,40,JP,1577914078,81,33.93,134.5,276.15,3.6
50,Pevek,0,RU,1577914081,96,69.7,170.27,243.06,3.96
51,Vaini,0,IN,1577914082,84,15.34,74.49,289.95,0.35
52,Port Alfred,69,ZA,1577914082,88,-33.59,26.89,293.15,2.24
53,Clyde River,20,CA,1577914082,69,70.47,-68.59,250.15,4.6
54,Midland,1,US,1577913855,32,32.0,-102.08,285.37,6.7
55,Beringovskiy,0,RU,1577914083,82,63.05,179.32,246.89,6.59
56,Airai,100,TL,1577914083,92,-8.93,125.41,293.15,0.58
57,Zimovniki,96,RU,1577914083,81,47.15,42.46,274.56,3.84
58,Sao Filipe,100,CV,1577914084,66,14.9,-24.5,295.9,6.85
59,Sambava,100,MG,1577914084,96,-14.27,50.17,296.46,0.94
60,Byron Bay,21,AU,1577913908,78,-28.65,153.62,299.26,5.7
61,Longyearbyen,75,NO,1577914084,78,78.22,15.63,260.15,2.6
62,East London,95,ZA,1577914085,86,-33.02,27.91,294.62,6.55
63,Barentu,0,ER,1577914085,56,15.11,37.59,293.74,2.1
64,San Patricio,82,PY,1577914085,42,-26.98,-56.83,305.44,3.04
65,Qaqortoq,0,GL,1577913937,55,60.72,-46.03,260.15,2.1
66,New Norfolk,40,AU,1577914086,39,-42.78,147.06,291.15,5.1
67,Ixtapa,90,MX,1577914086,94,20.71,-105.21,294.15,3.1
68,Georgetown,20,GY,1577913991,74,6.8,-58.16,301.15,3.1
69,Aklavik,90,CA,1577914087,76,68.22,-135.01,251.15,3.1
70,Provideniya,0,RU,1577914087,89,64.42,-173.23,242.13,3.23
71,Marrakesh,0,MA,1577914087,46,31.63,-7.99,285.15,1.0
72,Springbok,0,ZA,1577914087,53,-29.67,17.88,288.37,3.13
73,Hay River,90,CA,1577914088,84,60.82,-115.79,259.15,2.1
74,Zhengjiatun,30,CN,1577914088,88,43.51,123.51,254.41,2.44
75,Xichang,97,CN,1577914088,92,27.88,102.25,272.95,1.65
76,Pisco,77,PE,1577913985,30,-13.71,-76.2,295.93,7.2
77,Lagoa,1,PT,1577914089,81,37.14,-8.45,285.37,3.1
78,Tomatlan,100,MX,1577914089,89,19.93,-105.25,295.75,1.56
79,Saiha,54,IN,1577914089,97,22.49,92.98,286.46,1.5
80,Avarua,99,CK,1577914089,78,-21.21,-159.78,300.15,13.4
81,Barra Patuca,3,HN,1577914090,75,15.8,-84.28,300.37,5.7
82,Kloulklubed,100,PW,1577913844,82,7.04,134.26,301.15,11.26
83,Romny,24,UA,1577914090,87,50.74,33.49,270.75,3.74
84,Swan Hill,0,AU,1577914090,52,-35.34,143.56,290.96,3.36
85,Mount Gambier,90,AU,1577914090,93,-37.83,140.78,286.15,0.5
86,Priladozhskiy,90,RU,1577914091,93,59.85,31.48,276.15,5.0
87,Tucumcari,1,US,1577914091,15,35.17,-103.73,289.82,10.3
88,Hermanus,0,ZA,1577914091,89,-34.42,19.24,294.26,8.24
89,Hobart,40,AU,1577913931,39,-42.88,147.33,291.15,5.1
90,Moron,10,HT,1577914092,79,18.56,-74.26,299.9,2.97
91,Vangaindrano,100,MG,1577914092,93,-23.35,47.6,296.69,1.14
92,Victor Harbor,0,AU,1577914092,63,-35.55,138.62,291.15,2.41
93,Port Elizabeth,20,US,1577914093,48,39.31,-74.98,281.15,3.6
94,Garden City,1,US,1577914074,87,43.62,-116.24,282.15,3.1
95,Redmond,75,US,1577913949,71,47.67,-122.12,285.37,3.1
96,New Amsterdam,39,GY,1577914093,74,6.25,-57.52,298.95,1.87
97,Atuona,32,PF,1577914093,76,-9.8,-139.03,299.85,7.84
98,El Alto,75,BO,1577914094,81,-16.5,-68.19,284.15,3.1
99,Buzmeyin,0,TM,1577914094,86,38.05,58.21,276.15,1.0
100,Palm Harbor,75,US,1577914098,21,28.08,-82.76,296.15,2.1
101,Bubaque,0,GW,1577914098,62,11.28,-15.83,299.88,5.25
102,Saldanha,18,PT,1577914098,67,41.42,-6.55,277.24,0.6
103,Vanderhoof,99,CA,1577914098,100,54.02,-124.02,274.27,0.87
104,Ipira,34,BR,1577914099,93,-27.41,-51.77,297.71,1.62
105,Carnarvon,0,ZA,1577914099,21,-30.97,22.13,294.58,3.52
106,College,90,US,1577914099,84,64.86,-147.8,255.15,3.1
107,Yellowknife,90,CA,1577914099,92,62.45,-114.38,259.15,2.6
108,Pinehurst,1,US,1577914100,37,35.19,-79.47,287.59,2.1
109,Methoni,95,GR,1577914100,62,36.82,21.7,284.15,3.6
110,Santo Anastacio,98,BR,1577914100,54,-21.84,-51.61,301.15,1.0
111,Beyneu,38,KZ,1577914101,87,45.32,55.19,275.58,3.9
112,Hambantota,1,LK,1577914101,85,6.12,81.12,299.4,6.42
113,Cidreira,16,BR,1577914101,88,-30.17,-50.22,298.35,7.83
114,Urengoy,100,RU,1577914102,96,65.96,78.37,256.29,4.08
115,Ukiah,20,US,1577914102,63,39.15,-123.21,290.37,7.2
116,Torbay,90,CA,1577914102,95,47.66,-52.73,274.26,12.3
117,Hami,100,CN,1577914102,55,42.84,93.51,265.61,2.04
118,Chincholi,0,IN,1577914102,84,17.47,77.42,292.49,3.32
119,Hjelset,75,NO,1577914103,87,62.78,7.5,281.15,5.1
120,Butaritari,100,KI,1577914103,78,3.07,172.79,302.25,3.96
121,Talnakh,40,RU,1577914103,77,69.49,88.39,255.15,11.0
122,Lucapa,100,AO,1577914104,95,-8.42,20.74,293.07,1.51
123,Tuktoyaktuk,90,CA,1577914104,70,69.44,-133.03,253.15,5.7
124,Senneterre,90,CA,1577914104,85,48.39,-77.24,267.15,3.6
125,Seoul,90,KR,1577913870,78,37.57,126.98,274.15,0.53
126,Rocha,0,UY,1577914105,69,-34.48,-54.34,294.65,5.96
127,Hithadhoo,40,MV,1577914105,79,-0.6,73.08,301.17,5.07
128,Saint-Francois,90,FR,1577914105,100,46.42,3.91,277.15,0.5
129,Huron,90,US,1577914106,74,44.36,-98.21,275.15,2.6
130,Erzin,75,TR,1577914106,100,36.95,36.2,283.15,1.5
131,Nanortalik,0,GL,1577914106,57,60.14,-45.24,269.68,9.12
132,Alofi,0,NU,1577914106,76,-19.06,-169.92,298.62,8.12
133,Hasaki,20,JP,1577914107,92,35.73,140.83,270.93,0.5
134,Lebu,42,ET,1577914107,78,8.96,38.73,285.98,1.06
135,Saint Anthony,90,US,1577914107,86,43.97,-111.68,273.15,5.82
136,Puerto Ayacucho,20,CO,1577914108,52,5.66,-67.63,306.15,6.2
137,Farafangana,68,MG,1577914108,70,-22.82,47.83,300.37,3.4
138,Gallup,1,US,1577913995,51,35.53,-108.74,277.15,6.7
139,Gamba,38,CN,1577914108,59,28.28,88.52,259.4,0.93
140,Kodinsk,93,RU,1577914108,97,58.6,99.18,260.06,2.02
141,Mackay,75,CA,1577914109,86,53.65,-115.58,273.15,2.1
142,Wanning,0,AT,1577914109,100,48.64,13.53,274.82,1.0
143,Inta,100,RU,1577914109,91,66.04,60.13,260.94,7.77
144,Kaduna,0,NG,1577914109,18,10.52,7.44,292.77,6.39
145,Jalu,59,LY,1577914110,73,29.03,21.55,281.62,4.71
146,Lugovoy,69,RU,1577914110,95,59.72,65.88,257.02,2.02
147,Cervo,70,BR,1577914110,88,-22.19,-46.24,295.64,1.05
148,Chokurdakh,100,RU,1577914111,98,70.62,147.9,248.01,1.79
149,Thompson,90,CA,1577913895,84,55.74,-97.86,259.15,3.6
150,Owando,100,CG,1577914114,65,-0.49,15.91,298.69,0.95
151,Sorland,90,NO,1577914114,87,67.67,12.69,279.15,15.9
152,Halifax,90,CA,1577913976,78,44.65,-63.58,275.93,6.2
153,Marawi,100,PH,1577914115,89,8.0,124.29,295.37,4.02
154,Flinders,90,AU,1577914115,93,-34.58,150.85,294.26,3.56
155,Flin Flon,90,CA,1577914115,85,54.77,-101.88,263.15,2.6
156,Arnold,1,US,1577914116,32,38.43,-90.38,287.59,5.7
157,Pacific Grove,75,US,1577914116,87,36.62,-121.92,289.26,3.6
158,Alugan,86,PH,1577914116,76,12.22,125.48,300.3,8.84
159,Vestmannaeyjar,100,IS,1577914116,65,63.44,-20.27,276.21,15.4
160,Martapura,75,ID,1577914116,100,-3.41,114.85,298.15,1.0
161,Quepos,75,CR,1577914117,53,9.43,-84.16,299.15,6.7
162,Mastic Beach,90,US,1577914117,44,40.77,-72.85,277.15,6.2
163,Sharlyk,100,RU,1577914117,97,52.93,54.74,270.33,2.24
164,Belmonte,11,PT,1577914083,14,40.36,-7.35,280.37,0.89
165,Det Udom,20,TH,1577914118,88,14.9,105.08,294.15,2.1
166,Lorengau,100,PG,1577914119,77,-2.02,147.27,301.68,2.89
167,Puerto Ayora,75,EC,1577914119,65,-0.74,-90.35,301.15,3.6
168,Batticaloa,27,LK,1577914120,94,7.71,81.69,296.52,0.43
169,Westport,90,US,1577914120,48,41.14,-73.36,277.59,4.6
170,Rayong,20,TH,1577914120,69,12.68,101.28,297.15,2.6
171,Bethel,90,US,1577914120,76,60.79,-161.76,253.15,8.2
172,Lixourion,0,GR,1577914120,52,38.2,20.43,286.13,6.79
173,Ahipara,32,NZ,1577914121,93,-35.17,173.16,295.37,5.63
174,Ulladulla,90,AU,1577914121,93,-35.36,150.48,290.37,1.67
175,Texarkana,90,US,1577914121,40,33.44,-94.04,284.26,4.6
176,Cabo San Lucas,75,MX,1577914103,56,22.89,-109.91,297.04,4.6
177,Nikolskoye,90,RU,1577914122,93,59.7,30.79,276.15,5.0
178,Denpasar,20,ID,1577914122,94,-8.65,115.22,299.15,1.5
179,Hamilton,40,CA,1577913988,68,43.26,-79.87,274.26,7.7
180,Canela,75,BR,1577914122,78,-29.36,-50.81,301.48,2.1
181,Duverge,20,DO,1577914123,62,18.38,-71.52,303.15,7.7
182,Fairbanks,90,US,1577913855,84,64.84,-147.72,255.15,3.1
183,Tiznit,0,MA,1577913977,48,29.7,-9.73,284.96,1.44
184,Tasiilaq,0,GL,1577914123,60,65.61,-37.64,261.15,11.3
185,Yangjiang,69,CN,1577914123,87,21.85,111.96,289.25,1.46
186,Port Hedland,40,AU,1577914124,83,-20.31,118.58,302.15,5.1
187,Upernavik,99,GL,1577914124,91,72.79,-56.15,246.21,3.82
188,Bredasdorp,69,ZA,1577914124,88,-34.53,20.04,292.15,1.5
189,Varkkallai,20,IN,1577914124,94,8.73,76.71,299.15,1.5
190,Hilo,75,US,1577913960,57,19.71,-155.08,300.15,4.6
191,Norman Wells,90,CA,1577914125,83,65.28,-126.83,249.15,4.1
192,Sycow,0,PL,1577914125,92,51.31,17.72,273.15,1.0
193,Walcz,4,PL,1577914125,92,53.28,16.47,274.26,0.45
194,Bilibino,98,RU,1577914125,71,68.06,166.44,245.15,2.35
195,Jardim,100,BR,1577914126,61,-21.48,-56.15,302.49,4.14
196,Roald,75,NO,1577914126,81,62.58,6.12,281.15,7.2
197,Saint-Leu,100,RE,1577914126,83,-21.15,55.28,299.15,2.1
198,Yulara,0,AU,1577914126,21,-25.24,130.99,300.15,3.6
199,Namibe,100,AO,1577914127,83,-15.19,12.15,295.81,3.54
200,Mvuma,45,ZW,1577914130,74,-19.28,30.53,293.4,2.4
201,Takaka,80,NZ,1577914130,78,-40.86,172.81,298.15,1.34
202,Grindavik,75,IS,1577914130,73,63.84,-22.43,273.15,12.3
203,Kjopsvik,75,NO,1577914131,93,68.1,16.37,279.26,16.5
204,Adrar,0,DZ,1577914131,39,27.87,-0.29,282.15,5.1
205,Paamiut,61,GL,1577914131,49,61.99,-49.67,265.73,3.94
206,Traralgon,0,AU,1577914131,75,-38.19,146.54,289.26,0.45
207,Chuy,56,UY,1577914132,78,-33.69,-53.46,294.46,6.55
208,Cherskiy,100,RU,1577914132,71,68.75,161.3,250.02,4.53
209,Quelimane,100,MZ,1577914132,85,-17.88,36.89,299.92,2.28
210,Kampene,100,CD,1577914132,97,-3.59,26.67,293.89,0.61
211,Oistins,40,BB,1577914133,74,13.07,-59.53,299.15,7.7
212,Bauska,90,LV,1577914133,80,56.41,24.19,278.15,2.1
213,Verkhnyaya Inta,100,RU,1577914133,93,65.99,60.32,261.38,7.14
214,Rosario Oeste,100,BR,1577914134,60,-14.84,-56.43,305.01,0.68
215,Muriwai Beach,64,NZ,1577914134,77,-36.82,174.45,292.59,7.2
216,Fare,95,PF,1577914134,76,-16.7,-151.02,300.65,8.05
217,Marsh Harbour,20,BS,1577914134,57,26.54,-77.06,295.98,3.66
218,Havelock,1,US,1577913963,41,34.88,-76.9,287.15,4.1
219,Los Llanos de Aridane,100,ES,1577914135,45,28.66,-17.92,291.15,4.1
220,Maceio,75,BR,1577913871,83,-9.67,-35.74,299.15,6.2
221,Okhotsk,100,RU,1577914135,89,59.36,143.24,264.57,7.55
222,Port Lincoln,0,AU,1577914135,75,-34.72,135.86,291.15,4.83
223,Plettenberg Bay,2,ZA,1577914136,92,-34.05,23.37,292.48,0.63
224,Karratha,75,AU,1577914136,73,-20.74,116.85,302.02,5.38
225,Codrington,6,AU,1577914136,78,-28.95,153.24,298.15,2.1
226,Leh,53,IN,1577914136,51,34.16,77.58,254.73,0.99
227,Ust-Kuyga,0,RU,1577914137,88,70.0,135.55,237.52,1.21
228,Luleburgaz,75,TR,1577914137,69,41.4,27.36,276.15,4.6
229,Alta Floresta,75,BR,1577914137,78,-9.87,-56.08,301.15,1.5
230,Sacramento,90,US,1577914137,67,38.58,-121.49,291.48,1.07
231,Chihuahua,75,MX,1577914138,34,28.66,-106.08,286.48,2.6
232,Filadelfia,88,PY,1577914138,31,-22.35,-60.04,308.95,2.89
233,Khatanga,0,RU,1577914138,77,71.98,102.47,252.45,2.76
234,Ust-Omchug,100,RU,1577914138,96,61.13,149.63,258.27,3.07
235,Toowoomba,75,AU,1577914138,73,-27.56,151.95,297.59,6.2
236,Hervey Bay,40,AU,1577914139,78,-25.3,152.85,298.71,2.1
237,Chara,20,GR,1577914139,42,39.42,22.43,281.15,7.7
238,Tateyama,84,JP,1577914139,89,36.66,137.31,278.15,1.15
239,Victoria,75,BN,1577914001,83,5.28,115.24,300.15,1.0
240,Gunjur,7,GM,1577914140,46,13.18,-16.76,296.15,2.6
241,Malpura,0,IN,1577914140,73,26.29,75.37,283.12,3.78
242,Folldal,100,NO,1577914140,81,62.14,10.0,267.83,2.08
243,Omsukchan,10,RU,1577914140,82,62.53,155.8,251.87,1.5
244,Kauhajoki,90,FI,1577914141,75,62.43,22.18,279.26,3.6
245,Bedford,90,US,1577914141,43,32.84,-97.14,287.15,6.7
246,Verkhovazhye,68,RU,1577914141,97,60.75,42.05,263.05,1.9
247,Jocotepec,90,MX,1577914142,46,20.29,-103.43,295.37,5.1
248,Teknaf,67,BD,1577914142,97,20.86,92.31,291.33,0.54
249,Karoi,100,ZW,1577914142,82,-16.82,29.68,293.83,2.45
250,Timbiqui,100,CO,1577914145,86,2.77,-77.67,300.05,2.29
251,Russell,1,US,1577914146,45,38.9,-98.86,284.26,6.2
252,Wodonga,0,AU,1577914146,48,-36.12,146.89,292.04,1.54
253,Liwale,100,TZ,1577914146,99,-9.8,37.92,295.63,2.33
254,Camacha,40,PT,1577914146,72,33.08,-16.33,292.15,5.1
255,Abnub,100,EG,1577914147,76,27.27,31.15,283.15,4.1
256,Tiksi,0,RU,1577914147,79,71.64,128.87,240.36,2.07
257,Rio Grande,90,BR,1577914147,83,-32.03,-52.1,297.15,6.2
258,Shar,79,NG,1577914147,21,7.3,8.73,299.31,3.25
259,Poltar,0,SK,1577914148,85,48.43,19.79,268.15,0.5
260,Hofn,100,IS,1577914148,89,64.25,-15.21,277.63,12.89
261,Isangel,38,VU,1577914148,61,-19.55,169.27,298.15,2.1
262,Kerema,100,PG,1577914148,86,-7.96,145.78,298.32,1.06
263,Tommot,100,RU,1577914149,95,58.97,126.27,249.3,3.36
264,Hanzhong,81,CN,1577914149,71,33.08,107.03,276.92,0.99
265,Anadyr,2,RU,1577914149,67,64.73,177.51,240.37,5.0
266,Sola,49,TZ,1577914149,80,-3.17,33.8,292.55,1.91
267,Lasa,75,CY,1577914150,87,34.92,32.53,284.15,2.1
268,Ca Mau,0,VN,1577914150,78,9.18,105.15,297.19,3.16
269,Bar Harbor,90,US,1577914150,86,44.39,-68.2,275.93,3.1
270,Vaitape,100,PF,1577914151,79,-16.52,-151.75,300.65,9.28
271,Dingle,46,PH,1577914151,93,11.0,122.67,295.67,4.29
272,Leningradskiy,0,RU,1577914151,98,69.38,178.42,243.46,4.47
273,Port Macquarie,90,AU,1577914151,78,-31.43,152.91,298.15,4.6
274,Liverpool,90,GB,1577914131,93,53.41,-2.98,280.37,4.6
275,San Jose,14,HN,1577914152,35,14.25,-87.96,299.55,2.28
276,San Pedro,74,AR,1577914152,57,-33.68,-59.66,300.37,1.79
277,Ostrovnoy,38,RU,1577914152,92,68.05,39.51,258.89,7.12
278,Komsomolskiy,100,RU,1577914152,94,67.55,63.78,259.93,6.41
279,Te Anau,100,NZ,1577914153,96,-45.41,167.72,283.52,2.56
280,Kahului,40,US,1577913961,54,20.89,-156.47,300.15,5.7
281,Khipro,0,PK,1577914153,25,25.83,69.38,286.99,6.69
282,Brae,100,GB,1577914153,87,60.4,-1.35,281.15,11.8
283,Vernon,75,CA,1577914154,93,50.27,-119.27,277.04,2.6
284,Verkhnyaya Toyma,90,RU,1577914154,97,62.24,45.0,260.13,1.89
285,Kijang,87,KR,1577914155,59,35.24,129.21,274.15,4.6
286,Aliaga,75,PH,1577914155,83,15.5,120.85,297.15,1.0
287,Seddon,0,AU,1577914155,63,-37.81,144.89,290.93,1.5
288,Iqaluit,90,CA,1577914155,77,63.75,-68.52,257.15,1.5
289,Sibu,75,MY,1577914156,94,2.29,111.83,298.15,2.1
290,Ancud,35,CL,1577914156,53,-41.87,-73.83,295.15,3.6
291,Guilin,90,CN,1577914156,93,25.28,110.29,285.15,1.0
292,Krasnoarmeysk,90,RU,1577914156,92,56.12,38.15,272.59,6.0
293,Ulaanbaatar,0,MN,1577914076,75,47.92,106.92,245.15,1.0
294,Quatre Cocos,20,MU,1577914157,94,-20.21,57.76,298.71,1.5
295,Launceston,100,AU,1577914157,62,-41.43,147.14,289.82,4.6
296,Bukama,100,CD,1577914157,94,-9.2,25.85,294.58,0.5
297,Bonavista,100,CA,1577914157,94,48.65,-53.11,273.43,13.87
298,Pizarro,70,CO,1577914158,81,4.95,-77.37,299.99,5.04
299,Lincoln,90,GB,1577913988,93,53.23,-0.54,279.82,3.1
300,San Cristobal,67,HN,1577914161,40,14.68,-86.92,300.4,2.5
301,Kiama,90,AU,1577914161,93,-34.67,150.86,293.71,3.56
302,Umm Lajj,92,SA,1577914162,68,25.02,37.27,286.98,1.69
303,Maniitsoq,100,GL,1577914162,85,65.42,-52.9,263.96,5.5
304,Duvan,74,RU,1577914162,95,55.69,57.9,264.02,2.09
305,Moultrie,1,US,1577914162,30,31.18,-83.79,290.15,2.6
306,Xining,0,CN,1577914163,51,36.62,101.77,265.46,1.41
307,Cayenne,40,GF,1577914163,69,4.94,-52.33,301.15,3.6
308,Sunndalsora,75,NO,1577914163,70,62.68,8.55,281.15,15.9
309,Bambous Virieux,20,MU,1577914163,94,-20.34,57.76,298.71,1.5
310,Kavaratti,24,IN,1577914164,70,10.57,72.64,300.9,2.42
311,Zhanaozen,0,KZ,1577914164,93,43.35,52.85,275.18,0.35
312,Nadym,93,RU,1577914164,96,65.53,72.51,255.12,3.23
313,Constitucion,90,MX,1577914164,100,23.99,-104.67,281.15,3.6
314,Werda,90,BW,1577914165,72,-25.27,23.28,297.27,12.28
315,Karlshamn,17,SE,1577914165,93,56.17,14.86,277.15,3.6
316,Soria,46,ES,1577913893,75,41.76,-2.46,276.48,0.58
317,Vardo,1,US,1577914165,33,39.62,-77.74,281.15,7.2
318,Ellensburg,1,US,1577913872,61,47.0,-120.55,285.93,9.8
319,Ishigaki,20,JP,1577914166,77,24.34,124.16,289.15,3.6
320,Kupang,75,ID,1577914166,100,-10.16,123.6,297.15,2.1
321,Angicos,99,BR,1577913943,64,-5.67,-36.6,301.05,4.92
322,Ashqelon,75,IL,1577914167,82,31.67,34.57,286.15,1.0
323,Kathu,20,ZA,1577914167,71,-27.7,23.05,295.93,4.25
324,Ambilobe,100,MG,1577914167,88,-13.19,49.05,298.46,2.2
325,Dahod,0,IN,1577914167,84,22.84,74.26,288.9,4.64
326,Caraquet,90,CA,1577914132,80,47.79,-64.94,273.15,6.2
327,Jesup,1,US,1577914168,31,31.61,-81.89,290.15,1.5
328,San Policarpo,86,PH,1577914168,76,12.18,125.51,300.3,8.84
329,Poquoson,1,US,1577914168,37,37.12,-76.35,286.15,5.7
330,Northam,0,AU,1577914168,77,-31.65,116.67,289.82,4.1
331,Doha,75,QA,1577914169,60,25.29,51.53,293.15,2.6
332,Dangtu,90,CN,1577914169,100,31.57,118.49,278.71,2.0
333,Homer,90,US,1577914169,78,59.64,-151.54,260.15,10.3
334,Yar-Sale,21,RU,1577914169,90,66.83,70.83,253.71,4.36
335,Steinbach,90,CA,1577914014,79,49.53,-96.69,270.37,3.6
336,Sisimiut,99,GL,1577914170,87,66.94,-53.67,254.86,2.47
337,Karamursel,75,TR,1577914170,60,40.69,29.62,281.48,6.2
338,Faanui,100,PF,1577914170,79,-16.48,-151.75,300.65,9.28
339,Pucallpa,75,PE,1577914170,100,-8.38,-74.54,275.15,3.1
340,Neyshabur,85,IR,1577914170,72,36.21,58.79,276.42,1.08
341,Anuchino,0,RU,1577914171,81,43.97,133.06,254.4,1.82
342,Itacare,40,BR,1577914171,83,-14.28,-39.0,301.15,5.1
343,Progreso,75,UY,1577914171,83,-34.68,-56.22,295.15,5.7
344,Vanimo,97,PG,1577914171,76,-2.67,141.3,301.29,5.41
345,Negombo,20,LK,1577914171,100,7.21,79.83,298.15,1.0
346,Ketchikan,40,US,1577914172,74,55.34,-131.65,276.15,2.6
347,Praia da Vitoria,20,PT,1577913988,87,38.73,-27.07,287.15,8.27
348,Rawson,0,AR,1577914172,66,-43.3,-65.11,292.08,11.74
349,Ibra,42,OM,1577914172,60,22.69,58.55,291.85,3.2
350,Walvis Bay,90,NA,1577914176,77,-22.95,14.51,290.15,2.1
351,Nome,90,US,1577914176,67,30.04,-94.42,289.15,2.6
352,Mitsamiouli,40,KM,1577914176,83,-11.38,43.28,301.15,2.6
353,Skibbereen,75,IE,1577914176,93,51.55,-9.27,280.15,8.7
354,Gizo,75,IL,1577914176,82,31.8,34.94,286.15,1.0
355,Lagos,73,NG,1577914177,83,6.46,3.39,296.15,1.0
356,Yeniseysk,100,RU,1577914177,94,58.45,92.17,268.19,3.86
357,Trapani,20,IT,1577914177,66,38.02,12.54,286.48,3.1
358,Buloh Kasap,20,MY,1577914178,83,2.55,102.76,298.15,2.1
359,Esperance,90,AU,1577914136,93,-33.86,121.89,291.15,4.1
360,Cockburn Town,9,TC,1577914178,67,21.46,-71.14,298.95,2.33
361,Saint-Georges,100,CA,1577914178,89,46.12,-70.67,272.04,3.13
362,Bathsheba,40,BB,1577914179,74,13.22,-59.52,299.15,7.7
363,Roshchino,40,RU,1577914179,92,55.31,61.27,267.15,1.0
364,Luderitz,0,NA,1577914179,72,-26.65,15.16,293.15,7.7
365,Nizhnyaya Omka,100,RU,1577914179,94,55.43,74.94,270.9,5.43
366,Kamaishi,0,JP,1577914180,54,39.28,141.86,272.71,12.49
367,Peterhead,0,AU,1577914180,63,-34.83,138.5,292.59,2.39
368,Salalah,20,OM,1577914180,64,17.01,54.1,297.15,2.6
369,Olavarria,100,AR,1577914180,50,-36.89,-60.32,298.15,1.34
370,Anse-Bertrand,77,GP,1577914181,65,16.47,-61.51,301.15,3.1
371,Hualmay,61,PE,1577914181,59,-11.1,-77.61,298.0,3.57
372,Tuy Hoa,93,VN,1577914181,85,13.08,109.3,297.96,9.05
373,Karasjok,75,NO,1577914181,85,69.47,25.52,267.15,17.5
374,Magaramkent,0,AZ,1577914182,88,41.62,48.35,275.99,2.48
375,Bundaberg,40,AU,1577914043,78,-24.87,152.35,298.71,2.1
376,Poya,34,NC,1577914182,74,-21.35,165.16,297.24,1.6
377,Aras,90,ES,1577914183,68,42.56,-2.36,274.15,1.0
378,Miranda,70,BR,1577914183,39,-20.24,-56.38,308.61,2.41
379,Pudozh,99,RU,1577914183,93,61.81,36.54,269.56,3.28
380,Arlit,0,NE,1577914183,22,18.74,7.39,283.65,4.47
381,Acapulco,20,MX,1577913942,62,16.86,-99.88,303.15,3.1
382,Linxia,0,CN,1577914184,59,35.6,103.21,268.11,0.41
383,Makakilo City,1,US,1577914184,54,21.35,-158.09,300.15,3.6
384,Casablanca,0,MA,1577914123,93,33.6,-7.62,288.15,2.1
385,Swan River,92,CA,1577914184,94,52.11,-101.27,266.83,1.33
386,Havre-Saint-Pierre,90,CA,1577914184,92,50.23,-63.6,271.15,8.7
387,Parauna,100,ID,1577914185,94,-3.82,122.09,295.96,0.65
388,Concordia,90,AR,1577914185,69,-31.4,-58.02,299.26,6.2
389,Astoria,90,US,1577914185,93,46.19,-123.83,284.82,6.2
390,Miedzyrzecz,0,PL,1577914185,92,52.44,15.58,274.26,3.1
391,Sur,19,OM,1577914186,62,22.57,59.53,293.9,2.81
392,Verkhoyansk,65,RU,1577914186,85,67.55,133.39,235.83,1.55
393,Kirakira,2,SB,1577914186,76,-10.46,161.92,299.65,1.55
394,Noumea,90,NC,1577914186,57,-22.28,166.46,300.15,2.6
395,Bowen,40,AU,1577913933,78,-20.01,148.25,301.48,3.1
396,Muncar,100,ID,1577914187,82,-8.43,114.34,299.35,2.17
397,Sanchor,0,IN,1577914187,69,24.76,71.77,288.56,5.11
398,Puerto Escondido,75,MX,1577914187,70,15.86,-97.07,302.15,4.1
399,Hammerfest,75,NO,1577914187,79,70.66,23.68,272.15,9.3
400,Yuanping,35,CN,1577914191,57,38.72,112.71,268.11,0.21
401,Gat,8,SN,1577914191,27,14.69,-16.54,298.15,1.0
402,Araouane,6,ML,1577914191,15,18.9,-3.53,287.38,6.29
403,Tamiahua,27,MX,1577914192,87,21.28,-97.45,294.37,3.38
404,Nouadhibou,100,MR,1577914192,45,20.93,-17.03,292.15,3.1
405,Galbshtadt,100,RU,1577914192,94,53.23,78.98,273.12,9.49
406,Kulhudhuffushi,37,MV,1577914193,81,6.62,73.07,300.46,4.71
407,Grafton,34,AU,1577914193,88,-29.69,152.93,297.04,0.65
408,Mabaruma,100,GY,1577914193,76,8.2,-59.78,299.94,1.96
409,Touros,98,BR,1577914193,83,-5.2,-35.46,299.15,3.1
410,Alamogordo,1,US,1577914018,25,32.9,-105.96,285.15,2.6
411,Planaltina,75,BR,1577914194,69,-15.62,-47.66,298.15,1.5
412,Columbus,1,US,1577913998,26,32.46,-84.99,288.71,2.08
413,Yarmouth,75,CA,1577914006,64,43.84,-66.12,276.48,7.2
414,Kostroma,75,RU,1577914194,79,57.77,40.93,270.15,4.0
415,Kachug,99,RU,1577914195,96,53.96,105.89,254.36,0.51
416,Haukipudas,100,FI,1577914195,75,65.17,25.5,278.15,8.7
417,Tuatapere,100,NZ,1577914195,79,-46.13,167.69,286.15,0.19
418,Biak,88,ID,1577914195,73,-0.91,122.88,300.32,2.27
419,Karaton,40,ID,1577914196,94,-6.34,106.1,298.15,2.6
420,Severo-Yeniseyskiy,100,RU,1577914196,91,60.37,93.04,263.52,3.27
421,Lom Sak,78,TH,1577914196,81,16.78,101.24,291.67,2.28
422,Lusambo,100,CD,1577914196,91,-4.97,23.44,295.2,0.5
423,Labuhan,100,ID,1577914197,94,-2.54,115.51,296.08,0.45
424,Marzuq,4,YE,1577914197,87,14.4,46.47,290.74,1.68
425,Chauk,98,MM,1577914197,68,20.89,94.82,291.83,2.92
426,Otavi,100,NA,1577914197,85,-19.64,17.34,292.05,9.49
427,Gannan,0,CN,1577914197,66,47.92,123.49,254.24,3.5
428,Batagay-Alyta,0,RU,1577914198,67,67.8,130.41,241.23,1.04
429,Cururupu,100,BR,1577914198,90,-1.82,-44.87,298.15,1.82
430,Chumikan,100,RU,1577914198,66,54.72,135.31,253.04,9.69
431,Bow Island,90,CA,1577914198,74,49.87,-111.38,274.26,1.0
432,Sobolevo,63,RU,1577914199,91,54.43,31.9,271.31,4.85
433,Port Hardy,90,CA,1577914199,87,50.7,-127.42,280.15,4.6
434,Orumiyeh,0,IR,1577914199,92,37.55,45.08,270.15,1.0
435,Turukhansk,100,RU,1577914200,93,65.8,87.96,257.23,5.46
436,Requena,75,ES,1577914200,93,39.49,-1.1,283.15,1.5
437,Kota Belud,75,MY,1577914200,88,6.35,116.43,298.15,1.5
438,Kolondieba,9,ML,1577914201,15,11.09,-6.89,295.07,2.66
439,Paraiso,40,BR,1577914201,100,-0.03,-51.17,299.15,1.5
440,Tumut,0,AU,1577914202,33,-35.3,148.22,293.2,0.62
441,Daru,86,PG,1577914202,85,-9.07,143.21,298.63,0.42
442,Bandarbeyla,41,SO,1577913905,78,9.49,50.81,299.21,5.92
443,Ostersund,100,SE,1577914203,75,63.18,14.64,279.82,11.3
444,Lata,100,IN,1577914203,81,30.78,78.62,260.7,2.98
445,Itaueira,100,BR,1577914203,90,-7.6,-43.03,297.73,0.27
446,Warrington,90,GB,1577914204,93,53.39,-2.59,280.37,4.6
447,Sena Madureira,100,BR,1577914204,68,-9.07,-68.66,302.61,1.31
448,Rudsar,40,IR,1577914204,87,37.14,50.29,283.15,1.0
449,Corralillo,34,CU,1577914204,77,22.98,-80.59,298.52,4.92
450,Mount Isa,71,AU,1577914208,57,-20.73,139.49,302.45,5.42
451,El Paso,1,US,1577914166,30,31.76,-106.49,288.15,3.1
452,Waddan,19,LY,1577914208,45,29.16,16.14,282.02,4.6
453,Kupino,100,RU,1577914208,96,54.36,77.31,271.85,6.8
454,Port-Gentil,20,GA,1577914209,88,-0.72,8.78,300.15,1.5
455,Agua Verde,90,MX,1577914209,100,22.89,-105.97,290.93,2.1
456,Montego Bay,20,JM,1577914167,74,18.47,-77.92,302.15,7.7
457,Port Blair,1,IN,1577914209,79,11.67,92.75,300.56,5.16
458,Saurimo,100,AO,1577914210,94,-9.66,20.4,292.38,1.55
459,Kidal,0,ML,1577914210,16,18.44,1.41,285.57,7.04
460,Nguruka,93,TZ,1577914210,86,-5.11,31.04,292.29,0.36
461,Vetlanda,97,SE,1577914034,86,57.43,15.09,277.59,6.2
462,Mandan,75,US,1577914211,93,46.83,-100.89,279.15,7.2
463,Mandera,10,ET,1577914211,43,3.94,41.86,303.35,3.82
464,Amahai,99,ID,1577914211,68,-3.31,129.0,301.14,2.97
465,Dubbo,4,AU,1577914211,61,-32.25,148.6,298.15,6.7
466,Manono,100,CD,1577914212,94,-7.3,27.4,293.96,0.48
467,Coos Bay,75,US,1577913926,93,43.37,-124.22,285.37,3.1
468,Coihueco,0,CL,1577914212,35,-36.63,-71.83,303.15,6.2
469,Challans,90,FR,1577914213,100,46.85,-1.88,283.15,1.5
470,Vohibinany,100,MG,1577914213,99,-17.35,49.03,294.52,1.26
471,Butembo,88,CD,1577914213,65,0.12,29.29,292.26,1.85
472,Villanueva de la Serena,18,ES,1577914213,78,38.97,-5.8,283.71,0.83
473,Antalaha,100,MG,1577914214,77,-14.9,50.28,300.77,2.56
474,Nouakchott,100,MR,1577914214,12,18.08,-15.98,295.15,4.1
475,Zyryanka,100,RU,1577914214,96,65.73,150.89,247.8,1.75
476,Barra,0,GM,1577914214,46,13.49,-16.54,296.15,2.6
477,Tchibanga,100,GA,1577914215,95,-2.92,11.0,297.25,1.08
478,Stabat,20,ID,1577914215,94,3.76,98.46,297.15,1.5
479,Smirnykh,99,RU,1577914215,82,49.74,142.83,253.06,0.78
480,Uyuni,97,BO,1577914215,34,-20.46,-66.82,291.14,6.71
481,Oranjemund,55,ZA,1577914216,89,-28.55,16.43,289.96,7.08
482,Chifeng,0,CN,1577914216,75,42.27,118.96,258.83,1.34
483,Prince Rupert,75,CA,1577914020,71,54.32,-130.32,277.15,6.2
484,Stolin,65,BY,1577914216,90,51.89,26.85,272.51,6.62
485,Colares,52,PT,1577914217,100,38.8,-9.45,284.26,1.0
486,Dickinson,90,US,1577914217,86,46.88,-102.79,277.04,6.2
487,Kendari,100,ID,1577914217,96,-3.99,122.52,296.52,1.41
488,Whitecourt,75,CA,1577914218,86,54.14,-115.68,272.15,2.1
489,Praya,75,ID,1577914218,100,-8.71,116.27,297.15,0.5
490,Ryotsu,75,JP,1577914218,64,38.08,138.43,277.15,2.6
491,Vao,50,EE,1577914218,92,59.1,26.19,274.21,4.07
492,Yuci,98,CN,1577914219,72,37.68,112.73,264.15,1.0
493,Nadvoitsy,100,RU,1577914219,94,63.89,34.27,269.42,5.66
494,Devils Lake,90,US,1577914219,80,48.11,-98.87,275.15,2.75
495,Pozo Colorado,22,PY,1577914219,22,-23.49,-58.8,311.27,3.6
496,Coquimbo,20,CL,1577914220,72,-29.95,-71.34,291.15,5.7
497,Christchurch,100,NZ,1577914210,82,-43.53,172.64,291.48,2.6
498,Moerai,100,PF,1577914220,87,-22.43,-151.33,298.75,14.94
499,Sinnamary,18,GF,1577914220,73,5.38,-52.96,299.63,5.57
500,Meulaboh,46,ID,1577914224,81,4.14,96.13,299.46,3.98
501,Karlskoga,91,SE,1577914224,75,59.33,14.52,280.37,10.8
502,Tocopilla,2,CL,1577914224,21,-22.09,-70.2,293.98,4.81
503,Prince George,90,CA,1577914215,99,53.92,-122.75,274.26,4.1
504,Kavieng,100,PG,1577914225,73,-2.57,150.8,301.93,2.7
505,Tayu,75,JP,1577914225,61,35.06,136.67,281.15,8.2
506,Rabaul,75,PG,1577914225,76,-4.2,152.17,300.95,1.88
507,Tandil,50,AR,1577914201,62,-37.33,-59.14,294.82,0.89
508,Pangai,20,TO,1577914226,57,-19.8,-174.35,300.15,7.2
509,Baherden,0,TM,1577914226,69,38.44,57.43,279.46,3.6
510,Timmins,75,CA,1577914226,78,48.48,-81.33,264.15,2.1
511,Kincardine,41,CA,1577914080,82,44.18,-81.63,273.71,2.24
512,San Ramon,75,NI,1577913974,100,12.92,-85.84,293.15,2.25
513,Hokitika,100,NZ,1577914227,91,-42.72,170.96,289.18,9.48
514,Bitung,40,ID,1577914227,100,1.44,125.19,297.15,1.0
515,Petropavlovsk-Kamchatskiy,82,RU,1577914227,79,53.05,158.65,267.15,2.0
516,Bougouni,0,ML,1577914227,15,11.42,-7.49,294.62,2.75
517,Springfield,1,US,1577914054,59,42.1,-72.59,277.04,4.6
518,Pochutla,20,MX,1577914228,62,15.74,-96.47,303.71,4.1
519,Maua,97,KE,1577914228,75,0.23,37.94,293.83,1.54
520,Vallenar,0,CL,1577914228,55,-28.58,-70.76,294.3,5.47
521,Ponta do Sol,100,BR,1577914229,81,-20.63,-46.0,297.63,1.13
522,Lakes Entrance,0,AU,1577914229,83,-37.88,147.99,285.93,2.74
523,Palmer,0,AU,1577914230,63,-34.85,139.16,292.59,1.05
524,Paka,100,CF,1577914230,30,4.15,15.03,295.36,0.33
525,Guadalupe Victoria,90,MX,1577914230,100,21.68,-105.33,289.15,4.1
526,Barraute,90,CA,1577914231,85,48.43,-77.63,267.15,3.6
527,Dera Ghazi Khan,100,PK,1577914231,40,30.03,70.64,282.4,2.72
528,Aykhal,0,RU,1577914231,84,65.95,111.51,255.15,2.0
529,Nabire,100,ID,1577914231,94,-3.36,135.5,295.4,0.89
530,Emerald,40,AU,1577914232,74,-23.53,148.16,299.15,3.6
531,Bertoua,96,CM,1577914232,31,4.58,13.68,294.55,0.73
532,Klaksvik,100,FO,1577914232,93,62.23,-6.59,282.15,13.4
533,Pangkalanbuun,100,ID,1577914232,98,-2.68,111.62,296.27,1.0
534,Ballina,75,IE,1577914233,100,54.11,-9.15,283.15,6.2
535,Troitskoye,100,RU,1577914233,77,52.98,84.68,269.86,7.3
536,Polur,6,IN,1577914233,96,12.51,79.13,293.4,0.99
537,Yerofey Pavlovich,24,RU,1577914234,88,53.97,121.97,246.91,1.45
538,Peleduy,100,RU,1577914234,96,59.63,112.75,254.72,2.97
539,La Ferte-Bernard,90,FR,1577914234,100,48.19,0.65,282.15,1.0
540,Kropotkin,99,RU,1577914234,65,45.43,40.58,277.04,3.05
541,Eureka,90,US,1577914165,93,40.8,-124.16,286.15,2.6
542,Chik,90,RU,1577914235,92,54.99,82.44,272.15,8.0
543,Pontes e Lacerda,100,BR,1577914235,87,-15.23,-59.33,300.77,1.94
544,Afyonkarahisar,100,TR,1577914235,82,38.76,30.53,270.92,6.07
545,Opatija,0,HR,1577914236,42,45.33,14.3,282.04,7.2
546,Yauya,84,PE,1577914236,69,-8.99,-77.29,283.77,4.18
547,Kalmunai,16,LK,1577914236,78,7.42,81.82,300.86,4.58
548,Zhigansk,0,RU,1577914236,93,66.77,123.37,236.5,2.98
549,Sol-Iletsk,100,RU,1577914236,98,51.16,55.0,272.73,6.15
550,Laguna,20,BZ,1577914240,70,16.17,-88.94,302.15,2.1
551,Pyatnitskoye,95,RU,1577914240,86,54.34,35.89,271.15,3.0
552,Bereda,69,ES,1577914240,93,43.27,-7.54,279.26,2.1
553,Amapa,40,HN,1577914240,52,15.09,-87.97,304.15,7.7
554,Changli,29,CN,1577914241,66,30.54,105.42,281.21,1.19
555,Hudson Bay,95,CA,1577914241,88,52.86,-102.4,265.74,2.27
556,Namatanai,100,PG,1577914241,75,-3.66,152.44,301.65,3.7
557,Baykit,99,RU,1577914241,98,61.68,96.39,255.23,0.96
558,Kruisfontein,4,ZA,1577914242,94,-34.0,24.73,290.2,3.02
